links,dates,places,scores_exterieur,scores_domicile,domiciles,exterieurs,vainqueurs
https://www.lequipe.fr/Football/match-direct/ligue-1/2020-2021/ol-dijon-live/477168,2020-08-28 21:00:00,Lyon,1,4,Lyon,Dijon,domicile
https://www.lequipe.fr/Football/match-direct/ligue-1/2020-2021/rennes-montpellier-live/477172,2020-08-29 17:00:00,Rennes,1,2,Rennes,Montpellier,domicile
https://www.lequipe.fr/Football/match-direct/ligue-1/2020-2021/strasbourg-nice-live/477174,2020-08-29 21:00:00,Strasbourg,2,0,Strasbourg,Nice,exterieur
https://www.lequipe.fr/Football/match-direct/ligue-1/2020-2021/reims-lille-live/477171,2020-08-30 13:00:00,Reims,1,0,Reims,Lille,exterieur
https://www.lequipe.fr/Football/match-direct/ligue-1/2020-2021/nantes-nimes-live/477170,2020-08-30 15:00:00,Nantes,1,2,Nantes,Nîmes,domicile
https://www.lequipe.fr/Football/match-direct/ligue-1/2020-2021/asse-lorient-live/477173,2020-08-30 15:00:00,Saint-Étienne,0,2,Saint-Étienne,Lorient,domicile
https://www.lequipe.fr/Football/match-direct/ligue-1/2020-2021/angers-bordeaux-live/477167,2020-08-30 15:00:00,Angers,2,0,Angers,Bordeaux,exterieur
https://www.lequipe.fr/Football/match-direct/ligue-1/2020-2021/metz-monaco-live/477169,2020-08-30 15:00:00,Metz,1,0,Metz,Monaco,exterieur
https://www.lequipe.fr/Football/match-direct/ligue-1/2020-2021/brest-om-live/477166,2020-08-30 21:00:00,Brest,3,2,Brest,Marseille,exterieur
https://www.lequipe.fr/Football/match-direct/ligue-1/2020-2021/lens-psg-live/477165,2020-09-10 21:00:00,Lens,0,1,Lens,Paris-SG,domicile
https://www.lequipe.fr/Football/match-direct/ligue-1/2020-2021/bordeaux-ol-live/477177,2020-09-11 21:00:00,Bordeaux,0,0,Bordeaux,Lyon,ex-aequo
https://www.lequipe.fr/Football/match-direct/ligue-1/2020-2021/montpellier-nice-live/477182,2020-09-12 17:00:00,Montpellier,1,3,Montpellier,Nice,domicile
https://www.lequipe.fr/Football/match-direct/ligue-1/2020-2021/asse-strasbourg-live/477184,2020-09-12 21:00:00,Saint-Étienne,0,2,Saint-Étienne,Strasbourg,domicile
https://www.lequipe.fr/Football/match-direct/ligue-1/2020-2021/lille-metz-live/477179,2020-09-13 13:00:00,Lille,0,1,Lille,Metz,domicile
https://www.lequipe.fr/Football/match-direct/ligue-1/2020-2021/nimes-rennes-live/477183,2020-09-13 15:00:00,Nîmes,4,2,Nîmes,Rennes,exterieur
https://www.lequipe.fr/Football/match-direct/ligue-1/2020-2021/lorient-lens-live/477180,2020-09-13 15:00:00,Lorient,3,2,Lorient,Lens,exterieur
https://www.lequipe.fr/Football/match-direct/ligue-1/2020-2021/angers-reims-live/477176,2020-09-13 15:00:00,Angers,0,1,Angers,Reims,domicile
https://www.lequipe.fr/Football/match-direct/ligue-1/2020-2021/dijon-brest-live/477178,2020-09-13 15:00:00,Dijon,2,0,Dijon,Brest,exterieur
https://www.lequipe.fr/Football/match-direct/ligue-1/2020-2021/monaco-nantes-live/477181,2020-09-13 17:00:00,Monaco,1,2,Monaco,Nantes,domicile
https://www.lequipe.fr/Football/match-direct/ligue-1/2020-2021/psg-om-live/477175,2020-09-13 21:00:00,Paris,1,0,Paris-SG,Marseille,exterieur
https://www.lequipe.fr/Football/match-direct/ligue-1/2020-2021/ol-nimes-live/477188,2020-09-18 21:00:00,Lyon,0,0,Lyon,Nîmes,ex-aequo
https://www.lequipe.fr/Football/match-direct/ligue-1/2020-2021/lens-bordeaux-live/477187,2020-09-19 17:00:00,Lens,1,2,Lens,Bordeaux,domicile
https://www.lequipe.fr/Football/match-direct/ligue-1/2020-2021/rennes-monaco-live/477193,2020-09-19 21:00:00,Rennes,1,2,Rennes,Monaco,domicile
https://www.lequipe.fr/Football/match-direct/ligue-1/2020-2021/nice-psg-live/477185,2020-09-20 13:00:00,Nice,3,0,Nice,Paris-SG,exterieur
https://www.lequipe.fr/Football/match-direct/ligue-1/2020-2021/montpellier-angers-live/477191,2020-09-20 15:00:00,Montpellier,1,4,Montpellier,Angers,domicile
https://www.lequipe.fr/Football/match-direct/ligue-1/2020-2021/brest-lorient-live/477186,2020-09-20 15:00:00,Brest,2,3,Brest,Lorient,domicile
https://www.lequipe.fr/Football/match-direct/ligue-1/2020-2021/metz-reims-live/477190,2020-09-20 15:00:00,Metz,1,2,Metz,Reims,domicile
https://www.lequipe.fr/Football/match-direct/ligue-1/2020-2021/strasbourg-dijon-live/477194,2020-09-20 15:00:00,Strasbourg,0,1,Strasbourg,Dijon,domicile
https://www.lequipe.fr/Football/match-direct/ligue-1/2020-2021/nantes-asse-live/477192,2020-09-20 17:00:00,Nantes,2,2,Nantes,Saint-Étienne,ex-aequo
https://www.lequipe.fr/Football/match-direct/ligue-1/2020-2021/om-lille-live/477189,2020-09-20 21:00:00,Marseille,1,1,Marseille,Lille,ex-aequo
https://www.lequipe.fr/Football/match-direct/ligue-1/2020-2021/lille-nantes-live/477199,2020-09-25 21:00:00,Lille,0,2,Lille,Nantes,domicile
https://www.lequipe.fr/Football/match-direct/ligue-1/2020-2021/asse-rennes-live/477204,2020-09-26 17:00:00,Saint-Étienne,3,0,Saint-Étienne,Rennes,exterieur
https://www.lequipe.fr/Football/match-direct/ligue-1/2020-2021/om-metz-live/477201,2020-09-26 21:00:00,Marseille,1,1,Marseille,Metz,ex-aequo
https://www.lequipe.fr/Football/match-direct/ligue-1/2020-2021/bordeaux-nice-live/477197,2020-09-27 13:00:00,Bordeaux,0,0,Bordeaux,Nice,ex-aequo
https://www.lequipe.fr/Football/match-direct/ligue-1/2020-2021/dijon-montpellier-live/477198,2020-09-27 15:00:00,Dijon,2,2,Dijon,Montpellier,ex-aequo
https://www.lequipe.fr/Football/match-direct/ligue-1/2020-2021/nimes-lens-live/477203,2020-09-27 15:00:00,Nîmes,1,1,Nîmes,Lens,ex-aequo
https://www.lequipe.fr/Football/match-direct/ligue-1/2020-2021/monaco-strasbourg-live/477202,2020-09-27 15:00:00,Monaco,2,3,Monaco,Strasbourg,domicile
https://www.lequipe.fr/Football/match-direct/ligue-1/2020-2021/angers-brest-live/477196,2020-09-27 15:00:00,Angers,2,3,Angers,Brest,domicile
https://www.lequipe.fr/Football/match-direct/ligue-1/2020-2021/lorient-ol-live/477200,2020-09-27 17:00:00,Lorient,1,1,Lorient,Lyon,ex-aequo
https://www.lequipe.fr/Football/match-direct/ligue-1/2020-2021/reims-psg-live/477195,2020-09-27 21:00:00,Reims,2,0,Reims,Paris-SG,exterieur
https://www.lequipe.fr/Football/match-direct/ligue-1/2020-2021/psg-angers-live/477205,2020-10-02 21:00:00,Paris,1,6,Paris-SG,Angers,domicile
https://www.lequipe.fr/Football/match-direct/ligue-1/2020-2021/lens-asse-live/477208,2020-10-03 17:00:00,Lens,0,2,Lens,Saint-Étienne,domicile
https://www.lequipe.fr/Football/match-direct/ligue-1/2020-2021/nice-nantes-live/477212,2020-10-03 21:00:00,Nice,1,2,Nice,Nantes,domicile
https://www.lequipe.fr/Football/match-direct/ligue-1/2020-2021/montpellier-nimes-live/477211,2020-10-04 13:00:00,Montpellier,1,0,Montpellier,Nîmes,exterieur
https://www.lequipe.fr/Football/match-direct/ligue-1/2020-2021/strasbourg-lille-live/477214,2020-10-04 15:00:00,Strasbourg,3,0,Strasbourg,Lille,exterieur
https://www.lequipe.fr/Football/match-direct/ligue-1/2020-2021/brest-monaco-live/477207,2020-10-04 15:00:00,Brest,0,1,Brest,Monaco,domicile
https://www.lequipe.fr/Football/match-direct/ligue-1/2020-2021/bordeaux-dijon-live/477206,2020-10-04 15:00:00,Bordeaux,0,3,Bordeaux,Dijon,domicile
https://www.lequipe.fr/Football/match-direct/ligue-1/2020-2021/metz-lorient-live/477210,2020-10-04 15:00:00,Metz,1,3,Metz,Lorient,domicile
https://www.lequipe.fr/Football/match-direct/ligue-1/2020-2021/rennes-reims-live/477213,2020-10-04 17:00:00,Rennes,2,2,Rennes,Reims,ex-aequo
https://www.lequipe.fr/Football/match-direct/ligue-1/2020-2021/ol-om-live/477209,2020-10-04 21:00:00,Lyon,1,1,Lyon,Marseille,ex-aequo
https://www.lequipe.fr/Football/match-direct/ligue-1/2020-2021/dijon-rennes-live/477218,2020-10-16 19:00:00,Dijon,1,1,Dijon,Rennes,ex-aequo
https://www.lequipe.fr/Football/match-direct/ligue-1/2020-2021/nimes-psg-live/477215,2020-10-16 21:00:00,Nîmes,4,0,Nîmes,Paris-SG,exterieur
https://www.lequipe.fr/Football/match-direct/ligue-1/2020-2021/reims-lorient-live/477222,2020-10-17 17:00:00,Reims,3,1,Reims,Lorient,exterieur
https://www.lequipe.fr/Football/match-direct/ligue-1/2020-2021/om-bordeaux-live/477220,2020-10-17 21:00:00,Marseille,1,3,Marseille,Bordeaux,domicile
https://www.lequipe.fr/Football/match-direct/ligue-1/2020-2021/strasbourg-ol-live/477224,2020-10-18 13:00:00,Strasbourg,3,2,Strasbourg,Lyon,exterieur
https://www.lequipe.fr/Football/match-direct/ligue-1/2020-2021/monaco-montpellier-live/477219,2020-10-18 15:00:00,Monaco,1,1,Monaco,Montpellier,ex-aequo
https://www.lequipe.fr/Football/match-direct/ligue-1/2020-2021/nantes-brest-live/477221,2020-10-18 15:00:00,Nantes,1,3,Nantes,Brest,domicile
https://www.lequipe.fr/Football/match-direct/ligue-1/2020-2021/angers-metz-live/477216,2020-10-18 15:00:00,Angers,1,1,Angers,Metz,ex-aequo
https://www.lequipe.fr/Football/match-direct/ligue-1/2020-2021/asse-nice-live/477223,2020-10-18 17:00:00,Saint-Étienne,3,1,Saint-Étienne,Nice,exterieur
https://www.lequipe.fr/Football/match-direct/ligue-1/2020-2021/lille-lens-live/477217,2020-10-18 21:00:00,Lille,0,4,Lille,Lens,domicile
https://www.lequipe.fr/Football/match-direct/ligue-1/2020-2021/rennes-angers-live/477234,2020-10-23 21:00:00,Rennes,2,1,Rennes,Angers,exterieur
https://www.lequipe.fr/Football/match-direct/ligue-1/2020-2021/lorient-om-live/477229,2020-10-24 17:00:00,Lorient,1,0,Lorient,Marseille,exterieur
https://www.lequipe.fr/Football/match-direct/ligue-1/2020-2021/psg-dijon-live/477225,2020-10-24 21:00:00,Paris,0,4,Paris-SG,Dijon,domicile
https://www.lequipe.fr/Football/match-direct/ligue-1/2020-2021/montpellier-reims-live/477232,2020-10-25 15:00:00,Montpellier,4,0,Montpellier,Reims,exterieur
https://www.lequipe.fr/Football/match-direct/ligue-1/2020-2021/metz-asse-live/477231,2020-10-25 15:00:00,Metz,0,2,Metz,Saint-Étienne,domicile
https://www.lequipe.fr/Football/match-direct/ligue-1/2020-2021/bordeaux-nimes-live/477226,2020-10-25 15:00:00,Bordeaux,0,2,Bordeaux,Nîmes,domicile
https://www.lequipe.fr/Football/match-direct/ligue-1/2020-2021/brest-strasbourg-live/477227,2020-10-25 15:00:00,Brest,3,0,Brest,Strasbourg,exterieur
https://www.lequipe.fr/Football/match-direct/ligue-1/2020-2021/nice-lille-live/477233,2020-10-25 17:00:00,Nice,1,1,Nice,Lille,ex-aequo
https://www.lequipe.fr/Football/match-direct/ligue-1/2020-2021/ol-monaco-live/477230,2020-10-25 21:00:00,Lyon,1,4,Lyon,Monaco,domicile
https://www.lequipe.fr/Football/match-direct/ligue-1/2020-2021/lens-nantes-live/477228,2020-11-25 19:00:00,Lens,1,1,Lens,Nantes,ex-aequo
https://www.lequipe.fr/Football/match-direct/ligue-1/2020-2021/rennes-brest-live/477243,2020-10-31 17:00:00,Rennes,1,2,Rennes,Brest,domicile
https://www.lequipe.fr/Football/match-direct/ligue-1/2020-2021/nantes-psg-live/477235,2020-10-31 21:00:00,Nantes,3,0,Nantes,Paris-SG,exterieur
https://www.lequipe.fr/Football/match-direct/ligue-1/2020-2021/asse-montpellier-live/477244,2020-11-01 13:00:00,Saint-Étienne,1,0,Saint-Étienne,Montpellier,exterieur
https://www.lequipe.fr/Football/match-direct/ligue-1/2020-2021/angers-nice-live/477236,2020-11-01 15:00:00,Angers,3,0,Angers,Nice,exterieur
https://www.lequipe.fr/Football/match-direct/ligue-1/2020-2021/nimes-metz-live/477241,2020-11-01 15:00:00,Nîmes,1,0,Nîmes,Metz,exterieur
https://www.lequipe.fr/Football/match-direct/ligue-1/2020-2021/dijon-lorient-live/477237,2020-11-01 15:00:00,Dijon,0,0,Dijon,Lorient,ex-aequo
https://www.lequipe.fr/Football/match-direct/ligue-1/2020-2021/reims-strasbourg-live/477242,2020-11-01 15:00:00,Reims,1,2,Reims,Strasbourg,domicile
https://www.lequipe.fr/Football/match-direct/ligue-1/2020-2021/monaco-bordeaux-live/477240,2020-11-01 17:00:00,Monaco,0,4,Monaco,Bordeaux,domicile
https://www.lequipe.fr/Football/match-direct/ligue-1/2020-2021/lille-ol-live/477238,2020-11-01 21:00:00,Lille,1,1,Lille,Lyon,ex-aequo
https://www.lequipe.fr/Football/match-direct/ligue-1/2020-2021/om-lens-live/477239,2021-01-20 21:00:00,Marseille,1,0,Marseille,Lens,exterieur
https://www.lequipe.fr/Football/match-direct/ligue-1/2020-2021/strasbourg-om-live/477254,2020-11-06 21:00:00,Strasbourg,1,0,Strasbourg,Marseille,exterieur
https://www.lequipe.fr/Football/match-direct/ligue-1/2020-2021/bordeaux-montpellier-live/477246,2020-11-07 17:00:00,Bordeaux,2,0,Bordeaux,Montpellier,exterieur
https://www.lequipe.fr/Football/match-direct/ligue-1/2020-2021/psg-rennes-live/477245,2020-11-07 21:00:00,Paris,0,3,Paris-SG,Rennes,domicile
https://www.lequipe.fr/Football/match-direct/ligue-1/2020-2021/brest-lille-live/477247,2020-11-08 13:00:00,Brest,2,3,Brest,Lille,domicile
https://www.lequipe.fr/Football/match-direct/ligue-1/2020-2021/lens-reims-live/477248,2020-11-08 15:00:00,Lens,4,4,Lens,Reims,ex-aequo
https://www.lequipe.fr/Football/match-direct/ligue-1/2020-2021/metz-dijon-live/477251,2020-11-08 15:00:00,Metz,1,1,Metz,Dijon,ex-aequo
https://www.lequipe.fr/Football/match-direct/ligue-1/2020-2021/nimes-angers-live/477253,2020-11-08 15:00:00,Nîmes,5,1,Nîmes,Angers,exterieur
https://www.lequipe.fr/Football/match-direct/ligue-1/2020-2021/lorient-nantes-live/477249,2020-11-08 15:00:00,Lorient,2,0,Lorient,Nantes,exterieur
https://www.lequipe.fr/Football/match-direct/ligue-1/2020-2021/nice-monaco-live/477252,2020-11-08 17:00:00,Nice,2,1,Nice,Monaco,exterieur
https://www.lequipe.fr/Football/match-direct/ligue-1/2020-2021/ol-asse-live/477250,2020-11-08 21:00:00,Lyon,1,2,Lyon,Saint-Étienne,domicile
https://www.lequipe.fr/Football/match-direct/ligue-1/2020-2021/rennes-bordeaux-live/477264,2020-11-20 19:00:00,Rennes,1,0,Rennes,Bordeaux,exterieur
https://www.lequipe.fr/Football/match-direct/ligue-1/2020-2021/monaco-psg-live/477255,2020-11-20 21:00:00,Monaco,2,3,Monaco,Paris-SG,domicile
https://www.lequipe.fr/Football/match-direct/ligue-1/2020-2021/brest-asse-live/477257,2020-11-21 17:00:00,Brest,1,4,Brest,Saint-Étienne,domicile
https://www.lequipe.fr/Football/match-direct/ligue-1/2020-2021/nantes-metz-live/477262,2020-11-22 13:00:00,Nantes,1,1,Nantes,Metz,ex-aequo
https://www.lequipe.fr/Football/match-direct/ligue-1/2020-2021/montpellier-strasbourg-live/477261,2020-11-22 15:00:00,Montpellier,3,4,Montpellier,Strasbourg,domicile
https://www.lequipe.fr/Football/match-direct/ligue-1/2020-2021/dijon-lens-live/477258,2020-11-22 15:00:00,Dijon,1,0,Dijon,Lens,exterieur
https://www.lequipe.fr/Football/match-direct/ligue-1/2020-2021/reims-nimes-live/477263,2020-11-22 15:00:00,Reims,1,0,Reims,Nîmes,exterieur
https://www.lequipe.fr/Football/match-direct/ligue-1/2020-2021/angers-ol-live/477256,2020-11-22 17:00:00,Angers,1,0,Angers,Lyon,exterieur
https://www.lequipe.fr/Football/match-direct/ligue-1/2020-2021/lille-lorient-live/477259,2020-11-22 21:00:00,Lille,0,4,Lille,Lorient,domicile
https://www.lequipe.fr/Football/match-direct/ligue-1/2020-2021/om-nice-live/477260,2021-02-17 21:00:00,Marseille,2,3,Marseille,Nice,domicile
https://www.lequipe.fr/Football/match-direct/ligue-1/2020-2021/strasbourg-rennes-live/477274,2020-11-27 21:00:00,Strasbourg,1,1,Strasbourg,Rennes,ex-aequo
https://www.lequipe.fr/Football/match-direct/ligue-1/2020-2021/om-nantes-live/477269,2020-11-28 17:00:00,Marseille,1,3,Marseille,Nantes,domicile
https://www.lequipe.fr/Football/match-direct/ligue-1/2020-2021/psg-bordeaux-live/477265,2020-11-28 21:00:00,Paris,2,2,Paris-SG,Bordeaux,ex-aequo
https://www.lequipe.fr/Football/match-direct/ligue-1/2020-2021/ol-reims-live/477268,2020-11-29 13:00:00,Lyon,0,3,Lyon,Reims,domicile
https://www.lequipe.fr/Football/match-direct/ligue-1/2020-2021/lens-angers-live/477266,2020-11-29 15:00:00,Lens,3,1,Lens,Angers,exterieur
https://www.lequipe.fr/Football/match-direct/ligue-1/2020-2021/lorient-montpellier-live/477267,2020-11-29 15:00:00,Lorient,1,0,Lorient,Montpellier,exterieur
https://www.lequipe.fr/Football/match-direct/ligue-1/2020-2021/monaco-nimes-live/477271,2020-11-29 15:00:00,Monaco,0,3,Monaco,Nîmes,domicile
https://www.lequipe.fr/Football/match-direct/ligue-1/2020-2021/metz-brest-live/477270,2020-11-29 15:00:00,Metz,2,0,Metz,Brest,exterieur
https://www.lequipe.fr/Football/match-direct/ligue-1/2020-2021/nice-dijon-live/477272,2020-11-29 17:00:00,Nice,3,1,Nice,Dijon,exterieur
https://www.lequipe.fr/Football/match-direct/ligue-1/2020-2021/asse-lille-live/477273,2020-11-29 21:00:00,Saint-Étienne,1,1,Saint-Étienne,Lille,ex-aequo
https://www.lequipe.fr/Football/match-direct/ligue-1/2020-2021/nimes-om-live/477281,2020-12-04 21:00:00,Nîmes,2,0,Nîmes,Marseille,exterieur
https://www.lequipe.fr/Football/match-direct/ligue-1/2020-2021/rennes-lens-live/477283,2020-12-05 17:00:00,Rennes,2,0,Rennes,Lens,exterieur
https://www.lequipe.fr/Football/match-direct/ligue-1/2020-2021/montpellier-psg-live/477275,2020-12-05 21:00:00,Montpellier,3,1,Montpellier,Paris-SG,exterieur
https://www.lequipe.fr/Football/match-direct/ligue-1/2020-2021/lille-monaco-live/477278,2020-12-06 13:00:00,Lille,1,2,Lille,Monaco,domicile
https://www.lequipe.fr/Football/match-direct/ligue-1/2020-2021/angers-lorient-live/477276,2020-12-06 15:00:00,Angers,0,2,Angers,Lorient,domicile
https://www.lequipe.fr/Football/match-direct/ligue-1/2020-2021/bordeaux-brest-live/477284,2020-12-06 15:00:00,Bordeaux,0,1,Bordeaux,Brest,domicile
https://www.lequipe.fr/Football/match-direct/ligue-1/2020-2021/nantes-strasbourg-live/477280,2020-12-06 15:00:00,Nantes,4,0,Nantes,Strasbourg,exterieur
https://www.lequipe.fr/Football/match-direct/ligue-1/2020-2021/dijon-asse-live/477277,2020-12-06 15:00:00,Dijon,0,0,Dijon,Saint-Étienne,ex-aequo
https://www.lequipe.fr/Football/match-direct/ligue-1/2020-2021/reims-nice-live/477282,2020-12-06 17:00:00,Reims,0,0,Reims,Nice,ex-aequo
https://www.lequipe.fr/Football/match-direct/ligue-1/2020-2021/metz-ol-live/477279,2020-12-06 21:00:00,Metz,3,1,Metz,Lyon,exterieur
https://www.lequipe.fr/Football/match-direct/ligue-1/2020-2021/asse-angers-live/477293,2020-12-11 21:00:00,Saint-Étienne,0,0,Saint-Étienne,Angers,ex-aequo
https://www.lequipe.fr/Football/match-direct/ligue-1/2020-2021/om-monaco-live/477289,2020-12-12 17:00:00,Marseille,1,2,Marseille,Monaco,domicile
https://www.lequipe.fr/Football/match-direct/ligue-1/2020-2021/lens-montpellier-live/477286,2020-12-12 21:00:00,Lens,3,2,Lens,Montpellier,exterieur
https://www.lequipe.fr/Football/match-direct/ligue-1/2020-2021/nice-rennes-live/477291,2020-12-13 13:00:00,Nice,1,0,Nice,Rennes,exterieur
https://www.lequipe.fr/Football/match-direct/ligue-1/2020-2021/brest-reims-live/477285,2020-12-13 15:00:00,Brest,1,2,Brest,Reims,domicile
https://www.lequipe.fr/Football/match-direct/ligue-1/2020-2021/strasbourg-metz-live/477294,2020-12-13 15:00:00,Strasbourg,2,2,Strasbourg,Metz,ex-aequo
https://www.lequipe.fr/Football/match-direct/ligue-1/2020-2021/nantes-dijon-live/477290,2020-12-13 15:00:00,Nantes,1,1,Nantes,Dijon,ex-aequo
https://www.lequipe.fr/Football/match-direct/ligue-1/2020-2021/lorient-nimes-live/477288,2020-12-13 15:00:00,Lorient,0,3,Lorient,Nîmes,domicile
https://www.lequipe.fr/Football/match-direct/ligue-1/2020-2021/lille-bordeaux-live/477287,2020-12-13 17:00:00,Lille,1,2,Lille,Bordeaux,domicile
https://www.lequipe.fr/Football/match-direct/ligue-1/2020-2021/psg-ol-live/477292,2020-12-13 21:00:00,Paris,1,0,Paris-SG,Lyon,exterieur
https://www.lequipe.fr/Football/match-direct/ligue-1/2020-2021/dijon-lille-live/477297,2020-12-16 19:00:00,Dijon,2,0,Dijon,Lille,exterieur
https://www.lequipe.fr/Football/match-direct/ligue-1/2020-2021/montpellier-metz-live/477300,2020-12-16 19:00:00,Montpellier,2,0,Montpellier,Metz,exterieur
https://www.lequipe.fr/Football/match-direct/ligue-1/2020-2021/angers-strasbourg-live/477295,2020-12-16 19:00:00,Angers,2,0,Angers,Strasbourg,exterieur
https://www.lequipe.fr/Football/match-direct/ligue-1/2020-2021/nimes-nice-live/477301,2020-12-16 19:00:00,Nîmes,2,0,Nîmes,Nice,exterieur
https://www.lequipe.fr/Football/match-direct/ligue-1/2020-2021/reims-nantes-live/477303,2020-12-16 19:00:00,Reims,2,3,Reims,Nantes,domicile
https://www.lequipe.fr/Football/match-direct/ligue-1/2020-2021/ol-brest-live/477298,2020-12-16 21:00:00,Lyon,2,2,Lyon,Brest,ex-aequo
https://www.lequipe.fr/Football/match-direct/ligue-1/2020-2021/psg-lorient-live/477302,2020-12-16 21:00:00,Paris,0,2,Paris-SG,Lorient,domicile
https://www.lequipe.fr/Football/match-direct/ligue-1/2020-2021/rennes-om-live/477304,2020-12-16 21:00:00,Rennes,1,2,Rennes,Marseille,domicile
https://www.lequipe.fr/Football/match-direct/ligue-1/2020-2021/monaco-lens-live/477299,2020-12-16 21:00:00,Monaco,3,0,Monaco,Lens,exterieur
https://www.lequipe.fr/Football/match-direct/ligue-1/2020-2021/bordeaux-asse-live/477296,2020-12-16 21:00:00,Bordeaux,2,1,Bordeaux,Saint-Étienne,exterieur
https://www.lequipe.fr/Football/match-direct/ligue-1/2020-2021/metz-lens-live/477310,2020-12-19 17:00:00,Metz,0,2,Metz,Lens,domicile
https://www.lequipe.fr/Football/match-direct/ligue-1/2020-2021/om-reims-live/477309,2020-12-19 19:00:00,Marseille,1,1,Marseille,Reims,ex-aequo
https://www.lequipe.fr/Football/match-direct/ligue-1/2020-2021/nice-ol-live/477312,2020-12-19 21:00:00,Nice,4,1,Nice,Lyon,exterieur
https://www.lequipe.fr/Football/match-direct/ligue-1/2020-2021/brest-montpellier-live/477305,2020-12-20 13:00:00,Brest,2,2,Brest,Montpellier,ex-aequo
https://www.lequipe.fr/Football/match-direct/ligue-1/2020-2021/dijon-monaco-live/477306,2020-12-20 15:00:00,Dijon,1,0,Dijon,Monaco,exterieur
https://www.lequipe.fr/Football/match-direct/ligue-1/2020-2021/nantes-angers-live/477311,2020-12-20 15:00:00,Nantes,1,1,Nantes,Angers,ex-aequo
https://www.lequipe.fr/Football/match-direct/ligue-1/2020-2021/strasbourg-bordeaux-live/477314,2020-12-20 15:00:00,Strasbourg,2,0,Strasbourg,Bordeaux,exterieur
https://www.lequipe.fr/Football/match-direct/ligue-1/2020-2021/asse-nimes-live/477313,2020-12-20 15:00:00,Saint-Étienne,2,2,Saint-Étienne,Nîmes,ex-aequo
https://www.lequipe.fr/Football/match-direct/ligue-1/2020-2021/lorient-rennes-live/477308,2020-12-20 17:00:00,Lorient,3,0,Lorient,Rennes,exterieur
https://www.lequipe.fr/Football/match-direct/ligue-1/2020-2021/lille-psg-live/477307,2020-12-20 21:00:00,Lille,0,0,Lille,Paris-SG,ex-aequo
https://www.lequipe.fr/Football/match-direct/ligue-1/2020-2021/rennes-metz-live/477324,2020-12-23 19:00:00,Rennes,0,1,Rennes,Metz,domicile
https://www.lequipe.fr/Football/match-direct/ligue-1/2020-2021/lens-brest-live/477317,2020-12-23 19:00:00,Lens,1,2,Lens,Brest,domicile
https://www.lequipe.fr/Football/match-direct/ligue-1/2020-2021/bordeaux-reims-live/477316,2020-12-23 19:00:00,Bordeaux,3,1,Bordeaux,Reims,exterieur
https://www.lequipe.fr/Football/match-direct/ligue-1/2020-2021/nice-lorient-live/477321,2020-12-23 19:00:00,Nice,2,2,Nice,Lorient,ex-aequo
https://www.lequipe.fr/Football/match-direct/ligue-1/2020-2021/nimes-dijon-live/477322,2020-12-23 19:00:00,Nîmes,3,1,Nîmes,Dijon,exterieur
https://www.lequipe.fr/Football/match-direct/ligue-1/2020-2021/montpellier-lille-live/477320,2020-12-23 21:00:00,Montpellier,3,2,Montpellier,Lille,exterieur
https://www.lequipe.fr/Football/match-direct/ligue-1/2020-2021/ol-nantes-live/477318,2020-12-23 21:00:00,Lyon,0,3,Lyon,Nantes,domicile
https://www.lequipe.fr/Football/match-direct/ligue-1/2020-2021/psg-strasbourg-live/477323,2020-12-23 21:00:00,Paris,0,4,Paris-SG,Strasbourg,domicile
https://www.lequipe.fr/Football/match-direct/ligue-1/2020-2021/angers-om-live/477315,2020-12-23 21:00:00,Angers,1,2,Angers,Marseille,domicile
https://www.lequipe.fr/Football/match-direct/ligue-1/2020-2021/monaco-asse-live/477319,2020-12-23 21:00:00,Monaco,2,2,Monaco,Saint-Étienne,ex-aequo
https://www.lequipe.fr/Football/match-direct/ligue-1/2020-2021/nantes-rennes-live/477331,2021-01-06 19:00:00,Nantes,0,0,Nantes,Rennes,ex-aequo
https://www.lequipe.fr/Football/match-direct/ligue-1/2020-2021/lorient-monaco-live/477327,2021-01-06 19:00:00,Lorient,5,2,Lorient,Monaco,exterieur
https://www.lequipe.fr/Football/match-direct/ligue-1/2020-2021/metz-bordeaux-live/477330,2021-01-06 19:00:00,Metz,0,0,Metz,Bordeaux,ex-aequo
https://www.lequipe.fr/Football/match-direct/ligue-1/2020-2021/brest-nice-live/477325,2021-01-06 19:00:00,Brest,0,2,Brest,Nice,domicile
https://www.lequipe.fr/Football/match-direct/ligue-1/2020-2021/strasbourg-nimes-live/477334,2021-01-06 19:00:00,Strasbourg,0,5,Strasbourg,Nîmes,domicile
https://www.lequipe.fr/Football/match-direct/ligue-1/2020-2021/ol-lens-live/477328,2021-01-06 21:00:00,Lyon,2,3,Lyon,Lens,domicile
https://www.lequipe.fr/Football/match-direct/ligue-1/2020-2021/lille-angers-live/477326,2021-01-06 21:00:00,Lille,2,1,Lille,Angers,exterieur
https://www.lequipe.fr/Football/match-direct/ligue-1/2020-2021/asse-psg-live/477333,2021-01-06 21:00:00,Saint-Étienne,1,1,Saint-Étienne,Paris-SG,ex-aequo
https://www.lequipe.fr/Football/match-direct/ligue-1/2020-2021/om-montpellier-live/477329,2021-01-06 21:00:00,Marseille,1,3,Marseille,Montpellier,domicile
https://www.lequipe.fr/Football/match-direct/ligue-1/2020-2021/reims-dijon-live/477332,2021-01-06 21:00:00,Reims,0,0,Reims,Dijon,ex-aequo
https://www.lequipe.fr/Football/match-direct/ligue-1/2020-2021/rennes-ol-live/477344,2021-01-09 21:00:00,Rennes,2,2,Rennes,Lyon,ex-aequo
https://www.lequipe.fr/Football/match-direct/ligue-1/2020-2021/psg-brest-live/477342,2021-01-09 21:00:00,Paris,0,3,Paris-SG,Brest,domicile
https://www.lequipe.fr/Football/match-direct/ligue-1/2020-2021/nimes-lille-live/477341,2021-01-09 21:00:00,Nîmes,1,0,Nîmes,Lille,exterieur
https://www.lequipe.fr/Football/match-direct/ligue-1/2020-2021/dijon-om-live/477336,2021-01-09 21:00:00,Dijon,0,0,Dijon,Marseille,ex-aequo
https://www.lequipe.fr/Football/match-direct/ligue-1/2020-2021/monaco-angers-live/477339,2021-01-09 21:00:00,Monaco,0,3,Monaco,Angers,domicile
https://www.lequipe.fr/Football/match-direct/ligue-1/2020-2021/lens-strasbourg-live/477337,2021-01-09 21:00:00,Lens,1,0,Lens,Strasbourg,exterieur
https://www.lequipe.fr/Football/match-direct/ligue-1/2020-2021/montpellier-nantes-live/477340,2021-01-09 21:00:00,Montpellier,1,1,Montpellier,Nantes,ex-aequo
https://www.lequipe.fr/Football/match-direct/ligue-1/2020-2021/metz-nice-live/477338,2021-01-09 21:00:00,Metz,1,1,Metz,Nice,ex-aequo
https://www.lequipe.fr/Football/match-direct/ligue-1/2020-2021/bordeaux-lorient-live/477335,2021-01-09 21:00:00,Bordeaux,1,2,Bordeaux,Lorient,domicile
https://www.lequipe.fr/Football/match-direct/ligue-1/2020-2021/reims-asse-live/477343,2021-01-09 21:00:00,Reims,1,3,Reims,Saint-Étienne,domicile
https://www.lequipe.fr/Football/match-direct/ligue-1/2020-2021/montpellier-monaco-live/477351,2021-01-15 21:00:00,Montpellier,3,2,Montpellier,Monaco,exterieur
https://www.lequipe.fr/Football/match-direct/ligue-1/2020-2021/om-nimes-live/477350,2021-01-16 17:00:00,Marseille,2,1,Marseille,Nîmes,exterieur
https://www.lequipe.fr/Football/match-direct/ligue-1/2020-2021/angers-psg-live/477345,2021-01-16 21:00:00,Angers,1,0,Angers,Paris-SG,exterieur
https://www.lequipe.fr/Football/match-direct/ligue-1/2020-2021/brest-rennes-live/477346,2021-01-17 13:00:00,Brest,2,1,Brest,Rennes,exterieur
https://www.lequipe.fr/Football/match-direct/ligue-1/2020-2021/nantes-lens-live/477352,2021-01-17 15:00:00,Nantes,1,1,Nantes,Lens,ex-aequo
https://www.lequipe.fr/Football/match-direct/ligue-1/2020-2021/nice-bordeaux-live/477353,2021-01-17 15:00:00,Nice,3,0,Nice,Bordeaux,exterieur
https://www.lequipe.fr/Football/match-direct/ligue-1/2020-2021/strasbourg-asse-live/477354,2021-01-17 15:00:00,Strasbourg,0,1,Strasbourg,Saint-Étienne,domicile
https://www.lequipe.fr/Football/match-direct/ligue-1/2020-2021/lille-reims-live/477347,2021-01-17 17:00:00,Lille,1,2,Lille,Reims,domicile
https://www.lequipe.fr/Football/match-direct/ligue-1/2020-2021/ol-metz-live/477349,2021-01-17 21:00:00,Lyon,1,0,Lyon,Metz,exterieur
https://www.lequipe.fr/Football/match-direct/ligue-1/2020-2021/lorient-dijon-live/477348,2021-01-27 21:00:00,Lorient,2,3,Lorient,Dijon,domicile
https://www.lequipe.fr/Football/match-direct/ligue-1/2020-2021/psg-montpellier-live/477361,2021-01-22 21:00:00,Paris,0,4,Paris-SG,Montpellier,domicile
https://www.lequipe.fr/Football/match-direct/ligue-1/2020-2021/lens-nice-live/477357,2021-01-23 17:00:00,Lens,1,0,Lens,Nice,exterieur
https://www.lequipe.fr/Football/match-direct/ligue-1/2020-2021/monaco-om-live/477359,2021-01-23 21:00:00,Monaco,1,3,Monaco,Marseille,domicile
https://www.lequipe.fr/Football/match-direct/ligue-1/2020-2021/bordeaux-angers-live/477355,2021-01-24 13:00:00,Bordeaux,1,2,Bordeaux,Angers,domicile
https://www.lequipe.fr/Football/match-direct/ligue-1/2020-2021/metz-nantes-live/477358,2021-01-24 15:00:00,Metz,0,2,Metz,Nantes,domicile
https://www.lequipe.fr/Football/match-direct/ligue-1/2020-2021/reims-brest-live/477362,2021-01-24 15:00:00,Reims,0,1,Reims,Brest,domicile
https://www.lequipe.fr/Football/match-direct/ligue-1/2020-2021/dijon-strasbourg-live/477356,2021-01-24 15:00:00,Dijon,1,1,Dijon,Strasbourg,ex-aequo
https://www.lequipe.fr/Football/match-direct/ligue-1/2020-2021/rennes-lille-live/477363,2021-01-24 17:00:00,Rennes,1,0,Rennes,Lille,exterieur
https://www.lequipe.fr/Football/match-direct/ligue-1/2020-2021/asse-ol-live/477364,2021-01-24 21:00:00,Saint-Étienne,5,0,Saint-Étienne,Lyon,exterieur
https://www.lequipe.fr/Football/match-direct/ligue-1/2020-2021/nimes-lorient-live/477360,2021-02-24 19:00:00,Nîmes,0,1,Nîmes,Lorient,domicile
https://www.lequipe.fr/Football/match-direct/ligue-1/2020-2021/ol-bordeaux-live/477369,2021-01-29 21:00:00,Lyon,1,2,Lyon,Bordeaux,domicile
https://www.lequipe.fr/Football/match-direct/ligue-1/2020-2021/montpellier-lens-live/477371,2021-01-30 17:00:00,Montpellier,2,1,Montpellier,Lens,exterieur
https://www.lequipe.fr/Football/match-direct/ligue-1/2020-2021/nice-asse-live/477373,2021-01-31 13:00:00,Nice,1,0,Nice,Saint-Étienne,exterieur
https://www.lequipe.fr/Football/match-direct/ligue-1/2020-2021/lorient-psg-live/477368,2021-01-31 15:00:00,Lorient,2,3,Lorient,Paris-SG,domicile
https://www.lequipe.fr/Football/match-direct/ligue-1/2020-2021/brest-metz-live/477366,2021-01-31 15:00:00,Brest,4,2,Brest,Metz,exterieur
https://www.lequipe.fr/Football/match-direct/ligue-1/2020-2021/angers-nimes-live/477365,2021-01-31 15:00:00,Angers,1,3,Angers,Nîmes,domicile
https://www.lequipe.fr/Football/match-direct/ligue-1/2020-2021/strasbourg-reims-live/477374,2021-01-31 15:00:00,Strasbourg,1,0,Strasbourg,Reims,exterieur
https://www.lequipe.fr/Football/match-direct/ligue-1/2020-2021/lille-dijon-live/477367,2021-01-31 17:00:00,Lille,0,1,Lille,Dijon,domicile
https://www.lequipe.fr/Football/match-direct/ligue-1/2020-2021/nantes-monaco-live/477372,2021-01-31 21:00:00,Nantes,2,1,Nantes,Monaco,exterieur
https://www.lequipe.fr/Football/match-direct/ligue-1/2020-2021/om-rennes-live/477370,2021-03-10 19:00:00,Marseille,0,1,Marseille,Rennes,domicile
https://www.lequipe.fr/Football/match-direct/ligue-1/2020-2021/bordeaux-lille-live/477375,2021-02-03 19:00:00,Bordeaux,3,0,Bordeaux,Lille,exterieur
https://www.lequipe.fr/Football/match-direct/ligue-1/2020-2021/rennes-lorient-live/477382,2021-02-03 19:00:00,Rennes,1,1,Rennes,Lorient,ex-aequo
https://www.lequipe.fr/Football/match-direct/ligue-1/2020-2021/metz-montpellier-live/477378,2021-02-03 19:00:00,Metz,1,1,Metz,Montpellier,ex-aequo
https://www.lequipe.fr/Football/match-direct/ligue-1/2020-2021/reims-angers-live/477381,2021-02-03 19:00:00,Reims,0,0,Reims,Angers,ex-aequo
https://www.lequipe.fr/Football/match-direct/ligue-1/2020-2021/strasbourg-brest-live/477384,2021-02-03 19:00:00,Strasbourg,2,2,Strasbourg,Brest,ex-aequo
https://www.lequipe.fr/Football/match-direct/ligue-1/2020-2021/dijon-ol-live/477376,2021-02-03 21:00:00,Dijon,1,0,Dijon,Lyon,exterieur
https://www.lequipe.fr/Football/match-direct/ligue-1/2020-2021/psg-nimes-live/477380,2021-02-03 21:00:00,Paris,0,3,Paris-SG,Nîmes,domicile
https://www.lequipe.fr/Football/match-direct/ligue-1/2020-2021/monaco-nice-live/477379,2021-02-03 21:00:00,Monaco,1,2,Monaco,Nice,domicile
https://www.lequipe.fr/Football/match-direct/ligue-1/2020-2021/lens-om-live/477377,2021-02-03 21:00:00,Lens,2,2,Lens,Marseille,ex-aequo
https://www.lequipe.fr/Football/match-direct/ligue-1/2020-2021/asse-nantes-live/477383,2021-02-03 21:00:00,Saint-Étienne,1,1,Saint-Étienne,Nantes,ex-aequo
https://www.lequipe.fr/Football/match-direct/ligue-1/2020-2021/lorient-reims-live/477387,2021-02-06 17:00:00,Lorient,0,1,Lorient,Reims,domicile
https://www.lequipe.fr/Football/match-direct/ligue-1/2020-2021/ol-strasbourg-live/477388,2021-02-06 19:00:00,Lyon,0,3,Lyon,Strasbourg,domicile
https://www.lequipe.fr/Football/match-direct/ligue-1/2020-2021/lens-rennes-live/477386,2021-02-06 21:00:00,Lens,0,0,Lens,Rennes,ex-aequo
https://www.lequipe.fr/Football/match-direct/ligue-1/2020-2021/brest-bordeaux-live/477385,2021-02-07 13:00:00,Brest,1,2,Brest,Bordeaux,domicile
https://www.lequipe.fr/Football/match-direct/ligue-1/2020-2021/nimes-monaco-live/477393,2021-02-07 15:00:00,Nîmes,4,3,Nîmes,Monaco,exterieur
https://www.lequipe.fr/Football/match-direct/ligue-1/2020-2021/asse-metz-live/477394,2021-02-07 15:00:00,Saint-Étienne,0,1,Saint-Étienne,Metz,domicile
https://www.lequipe.fr/Football/match-direct/ligue-1/2020-2021/nice-angers-live/477392,2021-02-07 15:00:00,Nice,0,3,Nice,Angers,domicile
https://www.lequipe.fr/Football/match-direct/ligue-1/2020-2021/montpellier-dijon-live/477390,2021-02-07 15:00:00,Montpellier,2,4,Montpellier,Dijon,domicile
https://www.lequipe.fr/Football/match-direct/ligue-1/2020-2021/nantes-lille-live/477391,2021-02-07 17:00:00,Nantes,2,0,Nantes,Lille,exterieur
https://www.lequipe.fr/Football/match-direct/ligue-1/2020-2021/om-psg-live/477389,2021-02-07 21:00:00,Marseille,2,0,Marseille,Paris-SG,exterieur
https://www.lequipe.fr/Football/match-direct/ligue-1/2020-2021/psg-nice-live/477402,2021-02-13 17:00:00,Paris,1,2,Paris-SG,Nice,domicile
https://www.lequipe.fr/Football/match-direct/ligue-1/2020-2021/reims-lens-live/477403,2021-02-13 19:00:00,Reims,1,1,Reims,Lens,ex-aequo
https://www.lequipe.fr/Football/match-direct/ligue-1/2020-2021/ol-montpellier-live/477399,2021-02-13 21:00:00,Lyon,2,1,Lyon,Montpellier,exterieur
https://www.lequipe.fr/Football/match-direct/ligue-1/2020-2021/monaco-lorient-live/477401,2021-02-14 13:00:00,Monaco,2,2,Monaco,Lorient,ex-aequo
https://www.lequipe.fr/Football/match-direct/ligue-1/2020-2021/rennes-asse-live/477404,2021-02-14 15:00:00,Rennes,2,0,Rennes,Saint-Étienne,exterieur
https://www.lequipe.fr/Football/match-direct/ligue-1/2020-2021/metz-strasbourg-live/477400,2021-02-14 15:00:00,Metz,2,1,Metz,Strasbourg,exterieur
https://www.lequipe.fr/Football/match-direct/ligue-1/2020-2021/angers-nantes-live/477395,2021-02-14 15:00:00,Angers,3,1,Angers,Nantes,exterieur
https://www.lequipe.fr/Football/match-direct/ligue-1/2020-2021/dijon-nimes-live/477397,2021-02-14 15:00:00,Dijon,2,0,Dijon,Nîmes,exterieur
https://www.lequipe.fr/Football/match-direct/ligue-1/2020-2021/lille-brest-live/477398,2021-02-14 17:05:00,Lille,0,0,Lille,Brest,ex-aequo
https://www.lequipe.fr/Football/match-direct/ligue-1/2020-2021/bordeaux-om-live/477396,2021-02-14 21:00:00,Bordeaux,0,0,Bordeaux,Marseille,ex-aequo
https://www.lequipe.fr/Football/match-direct/ligue-1/2020-2021/brest-ol-live/477405,2021-02-19 21:00:00,Brest,3,2,Brest,Lyon,exterieur
https://www.lequipe.fr/Football/match-direct/ligue-1/2020-2021/asse-reims-live/477413,2021-02-20 13:00:00,Saint-Étienne,1,1,Saint-Étienne,Reims,ex-aequo
https://www.lequipe.fr/Football/match-direct/ligue-1/2020-2021/nantes-om-live/477409,2021-02-20 17:00:00,Nantes,1,1,Nantes,Marseille,ex-aequo
https://www.lequipe.fr/Football/match-direct/ligue-1/2020-2021/montpellier-rennes-live/477408,2021-02-21 13:00:00,Montpellier,1,2,Montpellier,Rennes,domicile
https://www.lequipe.fr/Football/match-direct/ligue-1/2020-2021/lens-dijon-live/477406,2021-02-21 15:00:00,Lens,1,2,Lens,Dijon,domicile
https://www.lequipe.fr/Football/match-direct/ligue-1/2020-2021/nice-metz-live/477410,2021-02-21 15:00:00,Nice,2,1,Nice,Metz,exterieur
https://www.lequipe.fr/Football/match-direct/ligue-1/2020-2021/strasbourg-angers-live/477414,2021-02-21 15:00:00,Strasbourg,0,0,Strasbourg,Angers,ex-aequo
https://www.lequipe.fr/Football/match-direct/ligue-1/2020-2021/nimes-bordeaux-live/477411,2021-02-21 15:00:00,Nîmes,0,2,Nîmes,Bordeaux,domicile
https://www.lequipe.fr/Football/match-direct/ligue-1/2020-2021/lorient-lille-live/477407,2021-02-21 17:05:00,Lorient,4,1,Lorient,Lille,exterieur
https://www.lequipe.fr/Football/match-direct/ligue-1/2020-2021/psg-monaco-live/477412,2021-02-21 21:00:00,Paris,2,0,Paris-SG,Monaco,exterieur
https://www.lequipe.fr/Football/match-direct/ligue-1/2020-2021/rennes-nice-live/477424,2021-02-26 21:00:00,Rennes,2,1,Rennes,Nice,exterieur
https://www.lequipe.fr/Football/match-direct/ligue-1/2020-2021/bordeaux-metz-live/477416,2021-02-27 13:00:00,Bordeaux,2,1,Bordeaux,Metz,exterieur
https://www.lequipe.fr/Football/match-direct/ligue-1/2020-2021/dijon-psg-live/477417,2021-02-27 17:00:00,Dijon,4,0,Dijon,Paris-SG,exterieur
https://www.lequipe.fr/Football/match-direct/ligue-1/2020-2021/monaco-brest-live/477421,2021-02-28 13:00:00,Monaco,0,2,Monaco,Brest,domicile
https://www.lequipe.fr/Football/match-direct/ligue-1/2020-2021/angers-lens-live/477415,2021-02-28 15:00:00,Angers,2,2,Angers,Lens,ex-aequo
https://www.lequipe.fr/Football/match-direct/ligue-1/2020-2021/reims-montpellier-live/477423,2021-02-28 15:00:00,Reims,0,0,Reims,Montpellier,ex-aequo
https://www.lequipe.fr/Football/match-direct/ligue-1/2020-2021/lorient-asse-live/477419,2021-02-28 15:00:00,Lorient,1,2,Lorient,Saint-Étienne,domicile
https://www.lequipe.fr/Football/match-direct/ligue-1/2020-2021/nimes-nantes-live/477422,2021-02-28 15:00:00,Nîmes,1,1,Nîmes,Nantes,ex-aequo
https://www.lequipe.fr/Football/match-direct/ligue-1/2020-2021/lille-strasbourg-live/477418,2021-02-28 17:05:00,Lille,1,1,Lille,Strasbourg,ex-aequo
https://www.lequipe.fr/Football/match-direct/ligue-1/2020-2021/om-ol-live/477420,2021-02-28 21:00:00,Marseille,1,1,Marseille,Lyon,ex-aequo
https://www.lequipe.fr/Football/match-direct/ligue-1/2020-2021/ol-rennes-live/477428,2021-03-03 19:00:00,Lyon,0,1,Lyon,Rennes,domicile
https://www.lequipe.fr/Football/match-direct/ligue-1/2020-2021/metz-angers-live/477429,2021-03-03 19:00:00,Metz,1,0,Metz,Angers,exterieur
https://www.lequipe.fr/Football/match-direct/ligue-1/2020-2021/asse-lens-live/477433,2021-03-03 19:00:00,Saint-Étienne,3,2,Saint-Étienne,Lens,exterieur
https://www.lequipe.fr/Football/match-direct/ligue-1/2020-2021/nice-nimes-live/477432,2021-03-03 19:00:00,Nice,1,2,Nice,Nîmes,domicile
https://www.lequipe.fr/Football/match-direct/ligue-1/2020-2021/brest-dijon-live/477426,2021-03-03 19:00:00,Brest,1,3,Brest,Dijon,domicile
https://www.lequipe.fr/Football/match-direct/ligue-1/2020-2021/lille-om-live/477427,2021-03-03 21:00:00,Lille,0,2,Lille,Marseille,domicile
https://www.lequipe.fr/Football/match-direct/ligue-1/2020-2021/bordeaux-psg-live/477425,2021-03-03 21:00:00,Bordeaux,1,0,Bordeaux,Paris-SG,exterieur
https://www.lequipe.fr/Football/match-direct/ligue-1/2020-2021/strasbourg-monaco-live/477434,2021-03-03 21:00:00,Strasbourg,0,1,Strasbourg,Monaco,domicile
https://www.lequipe.fr/Football/match-direct/ligue-1/2020-2021/montpellier-lorient-live/477430,2021-03-03 21:00:00,Montpellier,1,1,Montpellier,Lorient,ex-aequo
https://www.lequipe.fr/Football/match-direct/ligue-1/2020-2021/nantes-reims-live/477431,2021-03-03 21:00:00,Nantes,2,1,Nantes,Reims,exterieur
https://www.lequipe.fr/Football/match-direct/ligue-1/2020-2021/reims-ol-live/477443,2021-03-12 21:00:00,Reims,1,1,Reims,Lyon,ex-aequo
https://www.lequipe.fr/Football/match-direct/ligue-1/2020-2021/angers-asse-live/477435,2021-03-13 13:00:00,Angers,1,0,Angers,Saint-Étienne,exterieur
https://www.lequipe.fr/Football/match-direct/ligue-1/2020-2021/om-brest-live/477439,2021-03-13 17:00:00,Marseille,1,3,Marseille,Brest,domicile
https://www.lequipe.fr/Football/match-direct/ligue-1/2020-2021/nimes-montpellier-live/477441,2021-03-14 13:00:00,Nîmes,1,1,Nîmes,Montpellier,ex-aequo
https://www.lequipe.fr/Football/match-direct/ligue-1/2020-2021/lens-metz-live/477437,2021-03-14 15:00:00,Lens,2,2,Lens,Metz,ex-aequo
https://www.lequipe.fr/Football/match-direct/ligue-1/2020-2021/rennes-strasbourg-live/477444,2021-03-14 15:00:00,Rennes,0,1,Rennes,Strasbourg,domicile
https://www.lequipe.fr/Football/match-direct/ligue-1/2020-2021/lorient-nice-live/477438,2021-03-14 15:00:00,Lorient,1,1,Lorient,Nice,ex-aequo
https://www.lequipe.fr/Football/match-direct/ligue-1/2020-2021/dijon-bordeaux-live/477436,2021-03-14 15:00:00,Dijon,3,1,Dijon,Bordeaux,exterieur
https://www.lequipe.fr/Football/match-direct/ligue-1/2020-2021/monaco-lille-live/477440,2021-03-14 17:05:00,Monaco,0,0,Monaco,Lille,ex-aequo
https://www.lequipe.fr/Football/match-direct/ligue-1/2020-2021/psg-nantes-live/477442,2021-03-14 21:00:00,Paris,2,1,Paris-SG,Nantes,exterieur
https://www.lequipe.fr/Football/match-direct/ligue-1/2020-2021/asse-monaco-live/477453,2021-03-19 21:00:00,Saint-Étienne,4,0,Saint-Étienne,Monaco,exterieur
https://www.lequipe.fr/Football/match-direct/ligue-1/2020-2021/metz-rennes-live/477449,2021-03-20 13:00:00,Metz,3,1,Metz,Rennes,exterieur
https://www.lequipe.fr/Football/match-direct/ligue-1/2020-2021/nice-om-live/477452,2021-03-20 17:00:00,Nice,0,3,Nice,Marseille,domicile
https://www.lequipe.fr/Football/match-direct/ligue-1/2020-2021/strasbourg-lens-live/477454,2021-03-21 13:00:00,Strasbourg,2,1,Strasbourg,Lens,exterieur
https://www.lequipe.fr/Football/match-direct/ligue-1/2020-2021/montpellier-bordeaux-live/477450,2021-03-21 15:00:00,Montpellier,1,3,Montpellier,Bordeaux,domicile
https://www.lequipe.fr/Football/match-direct/ligue-1/2020-2021/brest-angers-live/477445,2021-03-21 15:00:00,Brest,0,0,Brest,Angers,ex-aequo
https://www.lequipe.fr/Football/match-direct/ligue-1/2020-2021/dijon-reims-live/477446,2021-03-21 15:00:00,Dijon,1,0,Dijon,Reims,exterieur
https://www.lequipe.fr/Football/match-direct/ligue-1/2020-2021/nantes-lorient-live/477451,2021-03-21 15:00:00,Nantes,1,1,Nantes,Lorient,ex-aequo
https://www.lequipe.fr/Football/match-direct/ligue-1/2020-2021/lille-nimes-live/477447,2021-03-21 17:05:00,Lille,2,1,Lille,Nîmes,exterieur
https://www.lequipe.fr/Football/match-direct/ligue-1/2020-2021/ol-psg-live/477448,2021-03-21 21:00:00,Lyon,4,2,Lyon,Paris-SG,exterieur
https://www.lequipe.fr/Football/match-direct/ligue-1/2020-2021/monaco-metz-live/477460,2021-04-03 13:00:00,Monaco,0,4,Monaco,Metz,domicile
https://www.lequipe.fr/Football/match-direct/ligue-1/2020-2021/psg-lille-live/477463,2021-04-03 17:00:00,Paris,1,0,Paris-SG,Lille,exterieur
https://www.lequipe.fr/Football/match-direct/ligue-1/2020-2021/lens-ol-live/477457,2021-04-03 21:00:00,Lens,1,1,Lens,Lyon,ex-aequo
https://www.lequipe.fr/Football/match-direct/ligue-1/2020-2021/angers-montpellier-live/477455,2021-04-04 13:00:00,Angers,1,1,Angers,Montpellier,ex-aequo
https://www.lequipe.fr/Football/match-direct/ligue-1/2020-2021/reims-rennes-live/477464,2021-04-04 15:00:00,Reims,2,2,Reims,Rennes,ex-aequo
https://www.lequipe.fr/Football/match-direct/ligue-1/2020-2021/nantes-nice-live/477461,2021-04-04 15:00:00,Nantes,2,1,Nantes,Nice,exterieur
https://www.lequipe.fr/Football/match-direct/ligue-1/2020-2021/bordeaux-strasbourg-live/477456,2021-04-04 15:00:00,Bordeaux,3,2,Bordeaux,Strasbourg,exterieur
https://www.lequipe.fr/Football/match-direct/ligue-1/2020-2021/lorient-brest-live/477458,2021-04-04 15:00:00,Lorient,0,1,Lorient,Brest,domicile
https://www.lequipe.fr/Football/match-direct/ligue-1/2020-2021/nimes-asse-live/477462,2021-04-04 17:05:00,Nîmes,2,0,Nîmes,Saint-Étienne,exterieur
https://www.lequipe.fr/Football/match-direct/ligue-1/2020-2021/om-dijon-live/477459,2021-04-04 21:00:00,Marseille,0,2,Marseille,Dijon,domicile
https://www.lequipe.fr/Football/match-direct/ligue-1/2020-2021/metz-lille-live/477468,2021-04-09 21:00:00,Metz,2,0,Metz,Lille,exterieur
https://www.lequipe.fr/Football/match-direct/ligue-1/2020-2021/strasbourg-psg-live/477474,2021-04-10 17:00:00,Strasbourg,4,1,Strasbourg,Paris-SG,exterieur
https://www.lequipe.fr/Football/match-direct/ligue-1/2020-2021/montpellier-om-live/477470,2021-04-10 21:00:00,Montpellier,3,3,Montpellier,Marseille,ex-aequo
https://www.lequipe.fr/Football/match-direct/ligue-1/2020-2021/rennes-nantes-live/477472,2021-04-11 13:00:00,Rennes,0,1,Rennes,Nantes,domicile
https://www.lequipe.fr/Football/match-direct/ligue-1/2020-2021/lens-lorient-live/477466,2021-04-11 15:00:00,Lens,1,4,Lens,Lorient,domicile
https://www.lequipe.fr/Football/match-direct/ligue-1/2020-2021/nice-reims-live/477471,2021-04-11 15:00:00,Nice,0,0,Nice,Reims,ex-aequo
https://www.lequipe.fr/Football/match-direct/ligue-1/2020-2021/asse-bordeaux-live/477473,2021-04-11 15:00:00,Saint-Étienne,1,4,Saint-Étienne,Bordeaux,domicile
https://www.lequipe.fr/Football/match-direct/ligue-1/2020-2021/brest-nimes-live/477465,2021-04-11 15:00:00,Brest,1,1,Brest,Nîmes,ex-aequo
https://www.lequipe.fr/Football/match-direct/ligue-1/2020-2021/monaco-dijon-live/477469,2021-04-11 17:05:00,Monaco,0,3,Monaco,Dijon,domicile
https://www.lequipe.fr/Football/match-direct/ligue-1/2020-2021/ol-angers-live/477467,2021-04-11 21:00:00,Lyon,0,3,Lyon,Angers,domicile
https://www.lequipe.fr/Football/match-direct/ligue-1/2020-2021/lille-montpellier-live/477479,2021-04-16 21:00:00,Lille,1,1,Lille,Montpellier,ex-aequo
https://www.lequipe.fr/Football/match-direct/ligue-1/2020-2021/angers-rennes-live/477475,2021-04-17 12:45:00,Angers,3,0,Angers,Rennes,exterieur
https://www.lequipe.fr/Football/match-direct/ligue-1/2020-2021/om-lorient-live/477480,2021-04-17 17:00:00,Marseille,2,3,Marseille,Lorient,domicile
https://www.lequipe.fr/Football/match-direct/ligue-1/2020-2021/psg-asse-live/477483,2021-04-18 13:00:00,Paris,2,3,Paris-SG,Saint-Étienne,domicile
https://www.lequipe.fr/Football/match-direct/ligue-1/2020-2021/brest-lens-live/477477,2021-04-18 15:00:00,Brest,1,1,Brest,Lens,ex-aequo
https://www.lequipe.fr/Football/match-direct/ligue-1/2020-2021/dijon-nice-live/477478,2021-04-18 15:00:00,Dijon,0,2,Dijon,Nice,domicile
https://www.lequipe.fr/Football/match-direct/ligue-1/2020-2021/reims-metz-live/477484,2021-04-18 15:00:00,Reims,0,0,Reims,Metz,ex-aequo
https://www.lequipe.fr/Football/match-direct/ligue-1/2020-2021/nimes-strasbourg-live/477482,2021-04-18 15:00:00,Nîmes,1,1,Nîmes,Strasbourg,ex-aequo
https://www.lequipe.fr/Football/match-direct/ligue-1/2020-2021/bordeaux-monaco-live/477476,2021-04-18 17:05:00,Bordeaux,3,0,Bordeaux,Monaco,exterieur
https://www.lequipe.fr/Football/match-direct/ligue-1/2020-2021/nantes-ol-live/477481,2021-04-18 21:00:00,Nantes,2,1,Nantes,Lyon,exterieur
https://www.lequipe.fr/Football/match-direct/ligue-1/2020-2021/reims-om-live/477491,2021-04-23 21:00:00,Reims,3,1,Reims,Marseille,exterieur
https://www.lequipe.fr/Football/match-direct/ligue-1/2020-2021/asse-brest-live/477493,2021-04-24 13:00:00,Saint-Étienne,2,1,Saint-Étienne,Brest,exterieur
https://www.lequipe.fr/Football/match-direct/ligue-1/2020-2021/metz-psg-live/477489,2021-04-24 17:00:00,Metz,3,1,Metz,Paris-SG,exterieur
https://www.lequipe.fr/Football/match-direct/ligue-1/2020-2021/nice-montpellier-live/477490,2021-04-25 13:00:00,Nice,1,3,Nice,Montpellier,domicile
https://www.lequipe.fr/Football/match-direct/ligue-1/2020-2021/lens-nimes-live/477486,2021-04-25 15:00:00,Lens,1,2,Lens,Nîmes,domicile
https://www.lequipe.fr/Football/match-direct/ligue-1/2020-2021/rennes-dijon-live/477492,2021-04-25 15:00:00,Rennes,1,5,Rennes,Dijon,domicile
https://www.lequipe.fr/Football/match-direct/ligue-1/2020-2021/strasbourg-nantes-live/477494,2021-04-25 15:00:00,Strasbourg,2,1,Strasbourg,Nantes,exterieur
https://www.lequipe.fr/Football/match-direct/ligue-1/2020-2021/lorient-bordeaux-live/477487,2021-04-25 15:00:00,Lorient,1,4,Lorient,Bordeaux,domicile
https://www.lequipe.fr/Football/match-direct/ligue-1/2020-2021/angers-monaco-live/477485,2021-04-25 17:05:00,Angers,1,0,Angers,Monaco,exterieur
https://www.lequipe.fr/Football/match-direct/ligue-1/2020-2021/ol-lille-live/477488,2021-04-25 21:00:00,Lyon,3,2,Lyon,Lille,exterieur
https://www.lequipe.fr/Football/match-direct/ligue-1/2020-2021/om-strasbourg-live/477500,2021-04-30 21:00:00,Marseille,1,1,Marseille,Strasbourg,ex-aequo
https://www.lequipe.fr/Football/match-direct/ligue-1/2020-2021/psg-lens-live/477504,2021-05-01 17:00:00,Paris,1,2,Paris-SG,Lens,domicile
https://www.lequipe.fr/Football/match-direct/ligue-1/2020-2021/lille-nice-live/477498,2021-05-01 21:00:00,Lille,0,2,Lille,Nice,domicile
https://www.lequipe.fr/Football/match-direct/ligue-1/2020-2021/bordeaux-rennes-live/477495,2021-05-02 13:00:00,Bordeaux,0,1,Bordeaux,Rennes,domicile
https://www.lequipe.fr/Football/match-direct/ligue-1/2020-2021/dijon-metz-live/477497,2021-05-02 15:00:00,Dijon,5,1,Dijon,Metz,exterieur
https://www.lequipe.fr/Football/match-direct/ligue-1/2020-2021/nimes-reims-live/477503,2021-05-02 15:00:00,Nîmes,2,2,Nîmes,Reims,ex-aequo
https://www.lequipe.fr/Football/match-direct/ligue-1/2020-2021/lorient-angers-live/477499,2021-05-02 15:00:00,Lorient,0,2,Lorient,Angers,domicile
https://www.lequipe.fr/Football/match-direct/ligue-1/2020-2021/brest-nantes-live/477496,2021-05-02 15:00:00,Brest,4,1,Brest,Nantes,exterieur
https://www.lequipe.fr/Football/match-direct/ligue-1/2020-2021/montpellier-asse-live/477502,2021-05-02 17:05:00,Montpellier,2,1,Montpellier,Saint-Étienne,exterieur
https://www.lequipe.fr/Football/match-direct/ligue-1/2020-2021/monaco-ol-live/477501,2021-05-02 21:00:00,Monaco,3,2,Monaco,Lyon,exterieur
https://www.lequipe.fr/Football/match-direct/ligue-1/2020-2021/lens-lille-live/477506,2021-05-07 21:00:00,Lens,3,0,Lens,Lille,exterieur
https://www.lequipe.fr/Football/match-direct/ligue-1/2020-2021/nantes-bordeaux-live/477509,2021-05-08 13:00:00,Nantes,0,3,Nantes,Bordeaux,domicile
https://www.lequipe.fr/Football/match-direct/ligue-1/2020-2021/ol-lorient-live/477507,2021-05-08 17:00:00,Lyon,1,4,Lyon,Lorient,domicile
https://www.lequipe.fr/Football/match-direct/ligue-1/2020-2021/asse-om-live/477513,2021-05-09 13:00:00,Saint-Étienne,0,1,Saint-Étienne,Marseille,domicile
https://www.lequipe.fr/Football/match-direct/ligue-1/2020-2021/strasbourg-montpellier-live/477514,2021-05-09 15:00:00,Strasbourg,3,2,Strasbourg,Montpellier,exterieur
https://www.lequipe.fr/Football/match-direct/ligue-1/2020-2021/metz-nimes-live/477508,2021-05-09 15:00:00,Metz,3,0,Metz,Nîmes,exterieur
https://www.lequipe.fr/Football/match-direct/ligue-1/2020-2021/nice-brest-live/477510,2021-05-09 15:00:00,Nice,2,3,Nice,Brest,domicile
https://www.lequipe.fr/Football/match-direct/ligue-1/2020-2021/angers-dijon-live/477505,2021-05-09 15:00:00,Angers,0,3,Angers,Dijon,domicile
https://www.lequipe.fr/Football/match-direct/ligue-1/2020-2021/reims-monaco-live/477511,2021-05-09 17:05:00,Reims,1,0,Reims,Monaco,exterieur
https://www.lequipe.fr/Football/match-direct/ligue-1/2020-2021/rennes-psg-live/477512,2021-05-09 21:00:00,Rennes,1,1,Rennes,Paris-SG,ex-aequo
https://www.lequipe.fr/Football/match-direct/ligue-1/2020-2021/lille-asse-live/477517,2021-05-16 21:00:00,Lille,0,0,Lille,Saint-Étienne,ex-aequo
https://www.lequipe.fr/Football/match-direct/ligue-1/2020-2021/psg-reims-live/477524,2021-05-16 21:00:00,Paris,0,4,Paris-SG,Reims,domicile
https://www.lequipe.fr/Football/match-direct/ligue-1/2020-2021/monaco-rennes-live/477520,2021-05-16 21:00:00,Monaco,1,2,Monaco,Rennes,domicile
https://www.lequipe.fr/Football/match-direct/ligue-1/2020-2021/nimes-ol-live/477523,2021-05-16 21:00:00,Nîmes,5,2,Nîmes,Lyon,exterieur
https://www.lequipe.fr/Football/match-direct/ligue-1/2020-2021/om-angers-live/477519,2021-05-16 21:00:00,Marseille,2,3,Marseille,Angers,domicile
https://www.lequipe.fr/Football/match-direct/ligue-1/2020-2021/bordeaux-lens-live/477515,2021-05-16 21:00:00,Bordeaux,0,3,Bordeaux,Lens,domicile
https://www.lequipe.fr/Football/match-direct/ligue-1/2020-2021/montpellier-brest-live/477521,2021-05-16 21:00:00,Montpellier,0,0,Montpellier,Brest,ex-aequo
https://www.lequipe.fr/Football/match-direct/ligue-1/2020-2021/nice-strasbourg-live/477522,2021-05-16 21:00:00,Nice,2,0,Nice,Strasbourg,exterieur
https://www.lequipe.fr/Football/match-direct/ligue-1/2020-2021/lorient-metz-live/477518,2021-05-16 21:00:00,Lorient,1,2,Lorient,Metz,domicile
https://www.lequipe.fr/Football/match-direct/ligue-1/2020-2021/dijon-nantes-live/477516,2021-05-16 21:00:00,Dijon,4,0,Dijon,Nantes,exterieur
https://www.lequipe.fr/Football/match-direct/ligue-1/2020-2021/angers-lille-live/477525,2021-05-23 21:00:00,Angers,2,1,Angers,Lille,exterieur
https://www.lequipe.fr/Football/match-direct/ligue-1/2020-2021/brest-psg-live/477526,2021-05-23 21:00:00,Brest,2,0,Brest,Paris-SG,exterieur
https://www.lequipe.fr/Football/match-direct/ligue-1/2020-2021/lens-monaco-live/477527,2021-05-23 21:00:00,Lens,0,0,Lens,Monaco,ex-aequo
https://www.lequipe.fr/Football/match-direct/ligue-1/2020-2021/ol-nice-live/477528,2021-05-23 21:00:00,Lyon,3,2,Lyon,Nice,exterieur
https://www.lequipe.fr/Football/match-direct/ligue-1/2020-2021/metz-om-live/477529,2021-05-23 21:00:00,Metz,1,1,Metz,Marseille,ex-aequo
https://www.lequipe.fr/Football/match-direct/ligue-1/2020-2021/rennes-nimes-live/477532,2021-05-23 21:00:00,Rennes,0,2,Rennes,Nîmes,domicile
https://www.lequipe.fr/Football/match-direct/ligue-1/2020-2021/nantes-montpellier-live/477530,2021-05-23 21:00:00,Nantes,2,1,Nantes,Montpellier,exterieur
https://www.lequipe.fr/Football/match-direct/ligue-1/2020-2021/asse-dijon-live/477533,2021-05-23 21:00:00,Saint-Étienne,1,0,Saint-Étienne,Dijon,exterieur
https://www.lequipe.fr/Football/match-direct/ligue-1/2020-2021/reims-bordeaux-live/477531,2021-05-23 21:00:00,Reims,2,1,Reims,Bordeaux,exterieur
https://www.lequipe.fr/Football/match-direct/ligue-1/2020-2021/strasbourg-lorient-live/477534,2021-05-23 21:00:00,Strasbourg,1,1,Strasbourg,Lorient,ex-aequo
https://www.lequipe.fr/Football/match-direct/ligue-1/2020-2021/bordeaux-nantes-live/477156,2020-08-21 19:00:00,Bordeaux,0,0,Bordeaux,Nantes,ex-aequo
https://www.lequipe.fr/Football/match-direct/ligue-1/2020-2021/dijon-angers-live/477160,2020-08-22 17:00:00,Dijon,1,0,Dijon,Angers,exterieur
https://www.lequipe.fr/Football/match-direct/ligue-1/2020-2021/lille-rennes-live/477162,2020-08-22 21:00:00,Lille,1,1,Lille,Rennes,ex-aequo
https://www.lequipe.fr/Football/match-direct/ligue-1/2020-2021/monaco-reims-live/477164,2020-08-23 13:00:00,Monaco,2,2,Monaco,Reims,ex-aequo
https://www.lequipe.fr/Football/match-direct/ligue-1/2020-2021/lorient-strasbourg-live/477157,2020-08-23 15:00:00,Lorient,1,3,Lorient,Strasbourg,domicile
https://www.lequipe.fr/Football/match-direct/ligue-1/2020-2021/nimes-brest-live/477158,2020-08-23 15:00:00,Nîmes,0,4,Nîmes,Brest,domicile
https://www.lequipe.fr/Football/match-direct/ligue-1/2020-2021/nice-lens-live/477159,2020-08-23 17:00:00,Nice,1,2,Nice,Lens,domicile
https://www.lequipe.fr/Football/match-direct/ligue-1/2020-2021/montpellier-ol-live/477155,2020-09-15 21:00:00,Montpellier,1,2,Montpellier,Lyon,domicile
https://www.lequipe.fr/Football/match-direct/ligue-1/2020-2021/psg-metz-live/477163,2020-09-16 21:00:00,Paris,0,1,Paris-SG,Metz,domicile
https://www.lequipe.fr/Football/match-direct/ligue-1/2020-2021/om-asse-live/477161,2020-09-17 21:00:00,Marseille,2,0,Marseille,Saint-Étienne,exterieur
